n,pris_median,pris_mean,mil_median,mil_mean,ar_min,ar_max
807,244900,274975.58488228003,11648,13864.723667905824,1982,2025
